{"epoch": 24, "train_loss": 0.01941350734577804, "test_loss": 0.6993174582693745, "weighted_F1": 0.9510058995063806, "_timestamp": 1722022651.8431208, "_runtime": 1303.2694199085236, "_step": 24, "_wandb": {"runtime": 1302}}