{"epoch": 9, "train_loss": 3.1866175669890184, "test_loss": 3.2201591714223228, "weighted_F1": 0.0007903892087478277, "_timestamp": 1717941785.284061, "_runtime": 314.7907259464264, "_step": 9, "_wandb": {"runtime": 314}}