{"epoch": 24, "train_loss": 0.030628110377971914, "test_loss": 0.6198973611340026, "weighted_F1": 0.9600561090176337, "_timestamp": 1722027107.7379782, "_runtime": 1360.1992633342743, "_step": 24, "_wandb": {"runtime": 1359}}