{"epoch": 4, "train_loss": 0.023709714860885654, "test_loss": 0.4094125903806546, "weighted_F1": 0.9181261713068173, "_timestamp": 1722114350.494007, "_runtime": 172.7517511844635, "_step": 4, "_wandb": {"runtime": 172}}