{"epoch": 29, "train_loss": 0.008862284625996683, "test_loss": 0.2768485728383894, "weighted_F1": 0.944690150603707, "_timestamp": 1717859537.006619, "_runtime": 896.5386910438538, "_step": 29, "_wandb": {"runtime": 895}}