{"epoch": 19, "train_loss": 0.012494071312169121, "test_loss": 0.2622931320411347, "weighted_F1": 0.9617277638521047, "_timestamp": 1717945434.97328, "_runtime": 646.2605519294739, "_step": 19, "_wandb": {"runtime": 644}}