{"epoch": 19, "train_loss": 0.011149319940375126, "test_loss": 0.30572096760658446, "weighted_F1": 0.9627665294109816, "_timestamp": 1722016403.38307, "_runtime": 829.8100519180298, "_step": 19, "_wandb": {"runtime": 829}}