{"epoch": 19, "train_loss": 0.01346980306986719, "test_loss": 0.40445685611178833, "weighted_F1": 0.9557429607529802, "_timestamp": 1722021332.7550259, "_runtime": 748.7516398429871, "_step": 19, "_wandb": {"runtime": 748}}