{"epoch": 19, "train_loss": 0.010078678031913388, "test_loss": 0.2528917515774568, "weighted_F1": 0.948283960300445, "_timestamp": 1722019805.857127, "_runtime": 648.968957901001, "_step": 19, "_wandb": {"runtime": 648}}