{"epoch": 24, "train_loss": 0.012019135348742778, "test_loss": 0.38523256680687823, "weighted_F1": 0.9590702986751793, "_timestamp": 1722023722.4678369, "_runtime": 1063.3036179542542, "_step": 24, "_wandb": {"runtime": 1062}}