{"epoch": 4, "train_loss": 0.031665259391821396, "test_loss": 0.19429916553069929, "weighted_F1": 0.9570568069544545, "_timestamp": 1722114786.6203918, "_runtime": 160.3556878566742, "_step": 4, "_wandb": {"runtime": 159}}