{"epoch": 4, "train_loss": 0.03707374437595667, "test_loss": 0.19699185740823547, "weighted_F1": 0.9489577657241162, "_timestamp": 1722113317.845213, "_runtime": 151.99579501152039, "_step": 4, "_wandb": {"runtime": 151}}