{"epoch": 24, "train_loss": 0.003635901569743181, "test_loss": 0.0850865114563137, "weighted_F1": 0.971176259753847, "_timestamp": 1717929908.131718, "_runtime": 706.1120109558105, "_step": 24, "_wandb": {"runtime": 705}}