{"epoch": 29, "train_loss": 0.0020983699571376128, "test_loss": 0.09041264948828356, "weighted_F1": 0.9678855512676909, "_timestamp": 1717932055.914022, "_runtime": 820.4873559474945, "_step": 29, "_wandb": {"runtime": 819}}