{"epoch": 24, "train_loss": 0.016242243016245238, "test_loss": 0.5637152409356707, "weighted_F1": 0.9520279086099919, "_timestamp": 1722011642.4474728, "_runtime": 1326.6381177902222, "_step": 24, "_wandb": {"runtime": 1326}}