{"epoch": 19, "train_loss": 3.186955527825789, "test_loss": 0.7867086518044565, "weighted_F1": 0.001022393519934849, "_timestamp": 1717935940.649604, "_runtime": 557.901230096817, "_step": 19, "_wandb": {"runtime": 631}}