{"epoch": 9, "train_loss": 3.1835145262784734, "test_loss": 3.2073847661938584, "weighted_F1": 0.0016039303474839732, "_timestamp": 1717940315.692576, "_runtime": 325.098219871521, "_step": 9, "_wandb": {"runtime": 310}}