{"epoch": 24, "train_loss": 0.0028846680025008263, "test_loss": 0.3120517584996681, "weighted_F1": 0.9639678568881396, "_timestamp": 1717936841.059186, "_runtime": 822.4025909900665, "_step": 24, "_wandb": {"runtime": 821}}