{"epoch": 49, "train_loss": 0.01415726301485315, "test_loss": 0.5336720137410975, "weighted_F1": 0.9570866508926987, "_timestamp": 1717854891.653238, "_runtime": 2043.183366060257, "_step": 49, "_wandb": {"runtime": 2041}}