{"epoch": 7, "train_loss": 0.02473472216847937, "test_loss": 0.2837965473237111, "weighted_F1": 0.9433402812481387, "_timestamp": 1722108607.3185332, "_runtime": 264.1797811985016, "_step": 7, "_wandb": {"runtime": 271}}