{"epoch": 19, "train_loss": 0.021071790436808905, "test_loss": 0.40135598286045543, "weighted_F1": 0.9548399043030965, "_timestamp": 1722017220.082436, "_runtime": 807.3475601673126, "_step": 19, "_wandb": {"runtime": 806}}