{"epoch": 19, "train_loss": 0.012398367439136746, "test_loss": 0.5460449120414888, "weighted_F1": 0.9516098798259669, "_timestamp": 1722112726.025495, "_runtime": 717.6360721588135, "_step": 19, "_wandb": {"runtime": 717}}