{"epoch": 19, "train_loss": 0.0029397168183710287, "test_loss": 0.25715834062546494, "weighted_F1": 0.9615668298791762, "_timestamp": 1722024357.710355, "_runtime": 620.5197241306305, "_step": 19, "_wandb": {"runtime": 620}}