{"epoch": 24, "train_loss": 0.010103782827818555, "test_loss": 0.5474356044123063, "weighted_F1": 0.9634450747775395, "_timestamp": 1722110516.729645, "_runtime": 1053.6756451129913, "_step": 24, "_wandb": {"runtime": 1052}}