{"epoch": 9, "train_loss": 0.019719753231194844, "test_loss": 0.24817008113669645, "weighted_F1": 0.9534260890785963, "_timestamp": 1722108703.382533, "_runtime": 50.68904209136963, "_step": 0, "_wandb": {"runtime": 49}}