{"epoch": 29, "train_loss": 0.009502511944091012, "test_loss": 0.34333353475008194, "weighted_F1": 0.9254843014780548, "_timestamp": 1722018263.7500968, "_runtime": 1033.774939775467, "_step": 29, "_wandb": {"runtime": 1033}}