{"epoch": 4, "train_loss": 0.031896018584864745, "test_loss": 0.2287750438057507, "weighted_F1": 0.9366868234187168, "_timestamp": 1722118965.094047, "_runtime": 124.16583299636841, "_step": 4, "_wandb": {"runtime": 123}}