{"epoch": 24, "train_loss": 0.010024383436524285, "test_loss": 0.29246776560074195, "weighted_F1": 0.9314063842273245, "_timestamp": 1722020573.85869, "_runtime": 758.7173840999603, "_step": 24, "_wandb": {"runtime": 756}}