{"epoch": 4, "train_loss": 0.034144584868937594, "test_loss": 0.317865194321817, "weighted_F1": 0.9360469651217992, "_timestamp": 1722116895.934927, "_runtime": 174.4688799381256, "_step": 4, "_wandb": {"runtime": 174}}