{"epoch": 29, "train_loss": 3.2049803982525717, "test_loss": 3.2273978900272224, "weighted_F1": 0.004490868744882581, "_timestamp": 1722025738.314572, "_runtime": 1368.6974720954895, "_step": 29, "_wandb": {"runtime": 1368}}