{"epoch": 29, "train_loss": 0.007288764687164839, "test_loss": 0.11620508563503915, "weighted_F1": 0.9460844416596208, "_timestamp": 1717858293.5897899, "_runtime": 802.7116317749023, "_step": 29, "_wandb": {"runtime": 801}}