{"epoch": 24, "train_loss": 3.2050861146622327, "test_loss": 3.225342290173129, "weighted_F1": 0.001022393519934849, "_timestamp": 1722012788.168488, "_runtime": 1136.9444830417633, "_step": 24, "_wandb": {"runtime": 1136}}