{"epoch": 29, "train_loss": 0.0185170813848269, "test_loss": 1.2248634760041885, "weighted_F1": 0.9444382721460961, "_timestamp": 1722028755.841866, "_runtime": 1639.7413079738617, "_step": 29, "_wandb": {"runtime": 1639}}