{"epoch": 19, "train_loss": 0.011166962472004124, "test_loss": 0.22507846846817414, "weighted_F1": 0.9322653234302742, "_timestamp": 1717855786.558539, "_runtime": 638.7266609668732, "_step": 19, "_wandb": {"runtime": 638}}