{"epoch": 29, "train_loss": 3.188366025477856, "test_loss": 3.224035930633545, "weighted_F1": 0.0010225329055544722, "_timestamp": 1722014700.2147589, "_runtime": 921.711503982544, "_step": 29, "_wandb": {"runtime": 921}}