{"epoch": 4, "train_loss": 0.021114723271714087, "test_loss": 0.2807296466654063, "weighted_F1": 0.9425335008629001, "_timestamp": 1722115538.129903, "_runtime": 188.8044810295105, "_step": 4, "_wandb": {"runtime": 188}}