{"epoch": 4, "train_loss": 0.024470592285410667, "test_loss": 0.23772193616256118, "weighted_F1": 0.9513113229483908, "_timestamp": 1722116006.637439, "_runtime": 171.07849502563477, "_step": 4, "_wandb": {"runtime": 170}}