{"epoch": 2, "train_loss": 0.047294240099180374, "test_loss": 0.2845239410119181, "weighted_F1": 0.9203597116011254, "_timestamp": 1717944717.041384, "_runtime": 82.89138388633728, "_step": 2, "_wandb": {"runtime": 87}}