{"epoch": 29, "train_loss": 0.011012879283113692, "test_loss": 0.2976357530802488, "weighted_F1": 0.9312299378636557, "_timestamp": 1722029709.7086139, "_runtime": 941.5950808525085, "_step": 29, "_wandb": {"runtime": 940}}