{"epoch": 24, "train_loss": 3.1968100493326608, "test_loss": 3.2255071194966636, "weighted_F1": 0.001022393519934849, "_timestamp": 1722010299.697176, "_runtime": 901.7035429477692, "_step": 24, "_wandb": {"runtime": 901}}