{"epoch": 19, "train_loss": 0.003611348159967467, "test_loss": 0.40642892906426253, "weighted_F1": 0.9499981666815366, "_timestamp": 1722111594.167834, "_runtime": 664.2400071620941, "_step": 19, "_wandb": {"runtime": 663}}