{"epoch": 24, "train_loss": 3.1902098061043622, "test_loss": 3.209505798542394, "weighted_F1": 0.0022749565165873036, "_timestamp": 1722015561.689533, "_runtime": 849.8872449398041, "_step": 24, "_wandb": {"runtime": 849}}