{"epoch": 4, "train_loss": 0.016665187986502204, "test_loss": 0.2921831371348526, "weighted_F1": 0.9495366658874931, "_timestamp": 1722119103.0552142, "_runtime": 127.65403509140015, "_step": 4, "_wandb": {"runtime": 127}}