{"epoch": 24, "train_loss": 0.004907038189461662, "test_loss": 0.18720619027057328, "weighted_F1": 0.9661907231139292, "_timestamp": 1717937939.58863, "_runtime": 841.7258059978485, "_step": 24, "_wandb": {"runtime": 841}}