{"epoch": 19, "train_loss": 0.012412192141913489, "test_loss": 0.12111533503504653, "weighted_F1": 0.9405254806079647, "_timestamp": 1717857104.482275, "_runtime": 495.99147605895996, "_step": 19, "_wandb": {"runtime": 495}}