{"epoch": 24, "train_loss": 0.006455834725400115, "test_loss": 0.3437653531330741, "weighted_F1": 0.9320122422044154, "_timestamp": 1722013770.5251431, "_runtime": 973.4264740943909, "_step": 24, "_wandb": {"runtime": 972}}