{"epoch": 29, "train_loss": 3.1950469608907097, "test_loss": 3.2256423144870334, "weighted_F1": 0.00231178640452789, "_timestamp": 1717943295.632381, "_runtime": 1493.3526639938354, "_step": 29, "_wandb": {"runtime": 1478}}