{"epoch": 24, "train_loss": 0.012984494493673457, "test_loss": 0.2721945683863859, "weighted_F1": 0.9359089526666967, "_timestamp": 1722019146.1063738, "_runtime": 865.884379863739, "_step": 24, "_wandb": {"runtime": 865}}